{"file_name":"leftarm","texture_size":[64,64],"textures":{"layer0":"modelengine:entity/orc"},"elements":[{"name":"leftarm_0","from":[5.535714,0.71428466,6.6821427],"to":[7.271428,3.724999,8.278571],"rotation":{"angle":0.0,"axis":"z","origin":[8.0,8.0,8.0]},"faces":{"down":{"uv":[11.2485,5.2495003,9.9995,10.248],"texture":"#layer0","tintindex":0},"east":{"uv":[5.2495,1.49975,10.247999,13.7485],"texture":"#layer0","tintindex":0},"north":{"uv":[9.25,5.0,11.75,8.25],"texture":"#layer0","tintindex":0},"south":{"uv":[7.2495,3.74975,8.997749,12.495],"texture":"#layer0","tintindex":0},"up":{"uv":[10.24975,4.25,10.99825,6.9985],"texture":"#layer0","tintindex":0},"west":{"uv":[5.4995,0.7495,9.4995,15.996],"texture":"#layer0","tintindex":0}}},{"name":"leftarm_1","from":[5.310714,3.7142847,6.5],"to":[7.5178566,6.724999,8.546429],"rotation":{"angle":0.0,"axis":"z","origin":[8.0,8.0,8.0]},"faces":{"down":{"uv":[11.2485,5.2495003,9.9995,10.248],"texture":"#layer0","tintindex":0},"east":{"uv":[5.2495,1.49975,10.247999,13.7485],"texture":"#layer0","tintindex":0},"north":{"uv":[13.5,5.5,16.0,9.75],"texture":"#layer0","tintindex":0},"south":{"uv":[7.2495,3.74975,8.997749,12.495],"texture":"#layer0","tintindex":0},"up":{"uv":[10.24975,4.25,10.99825,6.9985],"texture":"#layer0","tintindex":0},"west":{"uv":[5.4995,0.7495,9.4995,15.996],"texture":"#layer0","tintindex":0}}},{"name":"leftarm_2","from":[4.9999995,6.7142854,5.8892856],"to":[7.978571,9.3714285,9.157143],"rotation":{"angle":0.0,"axis":"z","origin":[8.0,8.0,8.0]},"faces":{"down":{"uv":[11.2485,5.2495003,9.9995,10.248],"texture":"#layer0","tintindex":0},"east":{"uv":[5.2495,1.49975,10.247999,13.7485],"texture":"#layer0","tintindex":0},"north":{"uv":[11.0,8.75,16.0,4.5],"texture":"#layer0","tintindex":0},"south":{"uv":[7.2495,3.74975,8.997749,12.495],"texture":"#layer0","tintindex":0},"up":{"uv":[10.24975,4.25,10.99825,6.9985],"texture":"#layer0","tintindex":0},"west":{"uv":[5.4995,0.7495,9.4995,15.996],"texture":"#layer0","tintindex":0}}}],"display":{"head":{"translation":[0.0,-6.4,0.0],"rotation":[0.0,0.0,0.0],"scale":[3.73333,3.73333,3.73333]},"gui":{"translation":[0.0,0.0,0.0],"rotation":[35.0,225.0,0.0],"scale":[0.625,0.625,0.625]}}}