{"file_name":"rightarm","texture_size":[64,64],"textures":{"layer0":"modelengine:entity/orc"},"elements":[{"name":"rightarm_0","from":[7.978572,7.8392854,7.1749997],"to":[10.957144,10.4964285,10.442857],"rotation":{"angle":0.0,"axis":"z","origin":[8.0,8.0,8.0]},"faces":{"down":{"uv":[11.2485,5.2495003,9.9995,10.248],"texture":"#layer0","tintindex":0},"east":{"uv":[5.2495,1.49975,10.247999,13.7485],"texture":"#layer0","tintindex":0},"north":{"uv":[5.25,6.75,10.25,0.25],"texture":"#layer0","tintindex":0},"south":{"uv":[7.2495,3.74975,8.997749,12.495],"texture":"#layer0","tintindex":0},"up":{"uv":[10.24975,4.25,10.99825,6.9985],"texture":"#layer0","tintindex":0},"west":{"uv":[5.4995,0.7495,9.4995,15.996],"texture":"#layer0","tintindex":0}}},{"name":"rightarm_1","from":[8.417857,4.8392844,7.785714],"to":[10.625,7.849999,9.832142],"rotation":{"angle":0.0,"axis":"z","origin":[8.0,8.0,8.0]},"faces":{"down":{"uv":[11.2485,5.2495003,9.9995,10.248],"texture":"#layer0","tintindex":0},"east":{"uv":[5.2495,1.49975,10.247999,13.7485],"texture":"#layer0","tintindex":0},"north":{"uv":[6.0,0.0,8.5,6.25],"texture":"#layer0","tintindex":0},"south":{"uv":[7.2495,3.74975,8.997749,12.495],"texture":"#layer0","tintindex":0},"up":{"uv":[10.24975,4.25,10.99825,6.9985],"texture":"#layer0","tintindex":0},"west":{"uv":[5.4995,0.7495,9.4995,15.996],"texture":"#layer0","tintindex":0}}},{"name":"rightarm_2","from":[8.814285,1.8392847,7.967857],"to":[10.55,4.849999,9.564285],"rotation":{"angle":0.0,"axis":"z","origin":[8.0,8.0,8.0]},"faces":{"down":{"uv":[11.2485,5.2495003,9.9995,10.248],"texture":"#layer0","tintindex":0},"east":{"uv":[5.2495,1.49975,10.247999,13.7485],"texture":"#layer0","tintindex":0},"north":{"uv":[9.25,4.25,11.75,8.75],"texture":"#layer0","tintindex":0},"south":{"uv":[7.2495,3.74975,8.997749,12.495],"texture":"#layer0","tintindex":0},"up":{"uv":[10.24975,4.25,10.99825,6.9985],"texture":"#layer0","tintindex":0},"west":{"uv":[5.4995,0.7495,9.4995,15.996],"texture":"#layer0","tintindex":0}}}],"display":{"head":{"translation":[0.0,-6.4,0.0],"rotation":[0.0,0.0,0.0],"scale":[3.73333,3.73333,3.73333]},"gui":{"translation":[0.0,0.0,0.0],"rotation":[35.0,225.0,0.0],"scale":[0.625,0.625,0.625]}}}